{
  "trained_at": "2025-10-23T14:44:30.634582Z",
  "regression": {
    "heating": {
      "LinearRegression": {
        "r2": 0.9121840951546909,
        "mae": 2.182047022127925,
        "mse": 9.153187855202761
      },
      "KNN": {
        "r2": 0.9487657281219415,
        "mae": 1.4586623376623373,
        "mse": 5.3402275584415575
      },
      "DecisionTree": {
        "r2": 0.9962774065124994,
        "mae": 0.41974025974025964,
        "mse": 0.3880116883116884
      },
      "AdaBoost": {
        "r2": 0.9616508711454721,
        "mae": 1.6479372228874716,
        "mse": 3.9971891322784847
      },
      "RandomForest": {
        "r2": 0.9976271877068152,
        "mae": 0.3582155844155836,
        "mse": 0.24732190259740033
      },
      "GradientBoost": {
        "r2": 0.9974545902436708,
        "mae": 0.3861593125420381,
        "mse": 0.2653120036648067
      }
    },
    "cooling": {
      "LinearRegression": {
        "r2": 0.8932255268607289,
        "mae": 2.1952952105158756,
        "mse": 9.893427647944074
      },
      "KNN": {
        "r2": 0.9286062695521675,
        "mae": 1.6228441558441555,
        "mse": 6.615145792207789
      },
      "DecisionTree": {
        "r2": 0.9558438832732599,
        "mae": 1.1438311688311686,
        "mse": 4.091383766233765
      },
      "AdaBoost": {
        "r2": 0.9373926279169248,
        "mae": 1.858030205229263,
        "mse": 5.801026104094216
      },
      "RandomForest": {
        "r2": 0.9678622291947366,
        "mae": 1.072605194805194,
        "mse": 2.9777970415584347
      },
      "GradientBoost": {
        "r2": 0.9752476443625325,
        "mae": 1.057284580119634,
        "mse": 2.2934848790688847
      }
    }
  },
  "classification": {
    "heating": {
      "LogisticRegression": {
        "accuracy": 0.7792207792207793,
        "report": {
          "High": {
            "precision": 0.803921568627451,
            "recall": 0.7321428571428571,
            "f1-score": 0.7663551401869159,
            "support": 56.0
          },
          "Low": {
            "precision": 0.9019607843137255,
            "recall": 0.92,
            "f1-score": 0.9108910891089109,
            "support": 50.0
          },
          "Medium": {
            "precision": 0.6346153846153846,
            "recall": 0.6875,
            "f1-score": 0.66,
            "support": 48.0
          },
          "accuracy": 0.7792207792207793,
          "macro avg": {
            "precision": 0.7801659125188537,
            "recall": 0.7798809523809523,
            "f1-score": 0.7790820764319423,
            "support": 154.0
          },
          "weighted avg": {
            "precision": 0.7829817241581948,
            "recall": 0.7792207792207793,
            "f1-score": 0.7801327422461873,
            "support": 154.0
          }
        }
      },
      "KNN": {
        "accuracy": 0.9090909090909091,
        "report": {
          "High": {
            "precision": 0.9433962264150944,
            "recall": 0.8928571428571429,
            "f1-score": 0.9174311926605505,
            "support": 56.0
          },
          "Low": {
            "precision": 0.9787234042553191,
            "recall": 0.92,
            "f1-score": 0.9484536082474226,
            "support": 50.0
          },
          "Medium": {
            "precision": 0.8148148148148148,
            "recall": 0.9166666666666666,
            "f1-score": 0.8627450980392157,
            "support": 48.0
          },
          "accuracy": 0.9090909090909091,
          "macro avg": {
            "precision": 0.9123114818284095,
            "recall": 0.9098412698412699,
            "f1-score": 0.909543299649063,
            "support": 154.0
          },
          "weighted avg": {
            "precision": 0.9147887662540412,
            "recall": 0.9090909090909091,
            "f1-score": 0.91045838900808,
            "support": 154.0
          }
        }
      },
      "DecisionTree": {
        "accuracy": 0.9545454545454546,
        "report": {
          "High": {
            "precision": 0.9622641509433962,
            "recall": 0.9107142857142857,
            "f1-score": 0.9357798165137615,
            "support": 56.0
          },
          "Low": {
            "precision": 1.0,
            "recall": 1.0,
            "f1-score": 1.0,
            "support": 50.0
          },
          "Medium": {
            "precision": 0.9019607843137255,
            "recall": 0.9583333333333334,
            "f1-score": 0.9292929292929293,
            "support": 48.0
          },
          "accuracy": 0.9545454545454546,
          "macro avg": {
            "precision": 0.9547416450857072,
            "recall": 0.9563492063492064,
            "f1-score": 0.9550242486022302,
            "support": 154.0
          },
          "weighted avg": {
            "precision": 0.9557201954538248,
            "recall": 0.9545454545454546,
            "f1-score": 0.9546086385118913,
            "support": 154.0
          }
        }
      },
      "AdaBoost": {
        "accuracy": 0.474025974025974,
        "report": {
          "High": {
            "precision": 0.0,
            "recall": 0.0,
            "f1-score": 0.0,
            "support": 56.0
          },
          "Low": {
            "precision": 0.9310344827586207,
            "recall": 0.54,
            "f1-score": 0.6835443037974683,
            "support": 50.0
          },
          "Medium": {
            "precision": 0.368,
            "recall": 0.9583333333333334,
            "f1-score": 0.5317919075144508,
            "support": 48.0
          },
          "accuracy": 0.474025974025974,
          "macro avg": {
            "precision": 0.43301149425287355,
            "recall": 0.4994444444444445,
            "f1-score": 0.4051120704373064,
            "support": 154.0
          },
          "weighted avg": {
            "precision": 0.41698522167487684,
            "recall": 0.474025974025974,
            "f1-score": 0.38768329058809775,
            "support": 154.0
          }
        }
      },
      "RandomForest": {
        "accuracy": 0.948051948051948,
        "report": {
          "High": {
            "precision": 0.9473684210526315,
            "recall": 0.9642857142857143,
            "f1-score": 0.9557522123893806,
            "support": 56.0
          },
          "Low": {
            "precision": 0.9795918367346939,
            "recall": 0.96,
            "f1-score": 0.9696969696969697,
            "support": 50.0
          },
          "Medium": {
            "precision": 0.9166666666666666,
            "recall": 0.9166666666666666,
            "f1-score": 0.9166666666666666,
            "support": 48.0
          },
          "accuracy": 0.948051948051948,
          "macro avg": {
            "precision": 0.947875641484664,
            "recall": 0.9469841269841269,
            "f1-score": 0.947371949584339,
            "support": 154.0
          },
          "weighted avg": {
            "precision": 0.9482611910109223,
            "recall": 0.948051948051948,
            "f1-score": 0.9480972232380118,
            "support": 154.0
          }
        }
      },
      "GradientBoost": {
        "accuracy": 0.9675324675324676,
        "report": {
          "High": {
            "precision": 0.9482758620689655,
            "recall": 0.9821428571428571,
            "f1-score": 0.9649122807017544,
            "support": 56.0
          },
          "Low": {
            "precision": 0.9803921568627451,
            "recall": 1.0,
            "f1-score": 0.9900990099009901,
            "support": 50.0
          },
          "Medium": {
            "precision": 0.9777777777777777,
            "recall": 0.9166666666666666,
            "f1-score": 0.946236559139785,
            "support": 48.0
          },
          "accuracy": 0.9675324675324676,
          "macro avg": {
            "precision": 0.9688152655698294,
            "recall": 0.9662698412698413,